{
    "thread1": {
        "in_token": 19,
        "out_token": 67,
        "take_time": 1882.3869228363037,
        "success": true
    },
    "thread2": {
        "in_token": 19,
        "out_token": 67,
        "take_time": 3736.7568016052246,
        "success": true
    },
    "thread3": {
        "in_token": 19,
        "out_token": 126,
        "take_time": 6985.306024551392,
        "success": true
    },
    "thread4": {
        "in_token": 19,
        "out_token": 67,
        "take_time": 8838.274717330933,
        "success": true
    },
    "thread5": {
        "in_token": 19,
        "out_token": 67,
        "take_time": 10681.47087097168,
        "success": true
    },
    "thread6": {
        "in_token": 19,
        "out_token": 123,
        "take_time": 11784.340620040894,
        "success": true
    },
    "thread7": {
        "in_token": 19,
        "out_token": 61,
        "take_time": 11561.198949813843,
        "success": true
    },
    "thread8": {
        "in_token": 19,
        "out_token": 67,
        "take_time": 10165.343046188354,
        "success": true
    },
    "thread9": {
        "in_token": 19,
        "out_token": 69,
        "take_time": 10199.038743972778,
        "success": true
    },
    "thread10": {
        "in_token": 19,
        "out_token": 63,
        "take_time": 10035.162448883057,
        "success": true
    },
    "thread11": {
        "in_token": 9,
        "out_token": 156,
        "take_time": 10818.796873092651,
        "success": true
    },
    "thread12": {
        "in_token": 9,
        "out_token": 163,
        "take_time": 13446.732759475708,
        "success": true
    },
    "thread13": {
        "in_token": 9,
        "out_token": 171,
        "take_time": 16417.104959487915,
        "success": true
    },
    "thread14": {
        "in_token": 9,
        "out_token": 124,
        "take_time": 17995.64218521118,
        "success": true
    },
    "thread15": {
        "in_token": 9,
        "out_token": 110,
        "take_time": 19033.275365829468,
        "success": true
    },
    "thread16": {
        "in_token": 9,
        "out_token": 132,
        "take_time": 18188.712120056152,
        "success": true
    },
    "thread17": {
        "in_token": 9,
        "out_token": 298,
        "take_time": 21068.339109420776,
        "success": true
    },
    "thread18": {
        "in_token": 9,
        "out_token": 149,
        "take_time": 20235.533952713013,
        "success": true
    },
    "thread19": {
        "in_token": 9,
        "out_token": 151,
        "take_time": 20710.633993148804,
        "success": true
    },
    "thread20": {
        "in_token": 9,
        "out_token": 134,
        "take_time": 21283.281326293945,
        "success": true
    },
    "thread21": {
        "in_token": 17,
        "out_token": 98,
        "take_time": 20770.319938659668,
        "success": true
    },
    "thread22": {
        "in_token": 17,
        "out_token": 125,
        "take_time": 16662.535190582275,
        "success": true
    },
    "thread23": {
        "in_token": 17,
        "out_token": 100,
        "take_time": 14951.770782470703,
        "success": true
    },
    "thread24": {
        "in_token": 17,
        "out_token": 93,
        "take_time": 13552.650690078735,
        "success": true
    },
    "thread25": {
        "in_token": 17,
        "out_token": 122,
        "take_time": 13379.742860794067,
        "success": true
    },
    "thread26": {
        "in_token": 17,
        "out_token": 77,
        "take_time": 13164.515733718872,
        "success": true
    },
    "thread27": {
        "in_token": 17,
        "out_token": 114,
        "take_time": 13078.908443450928,
        "success": true
    },
    "thread28": {
        "in_token": 17,
        "out_token": 128,
        "take_time": 14150.88438987732,
        "success": true
    },
    "thread29": {
        "in_token": 17,
        "out_token": 169,
        "take_time": 15965.219497680664,
        "success": true
    },
    "thread30": {
        "in_token": 17,
        "out_token": 101,
        "take_time": 15570.045471191406,
        "success": true
    },
    "thread31": {
        "in_token": 19,
        "out_token": 63,
        "take_time": 15001.10673904419,
        "success": true
    },
    "thread32": {
        "in_token": 19,
        "out_token": 56,
        "take_time": 13636.45625114441,
        "success": true
    },
    "thread33": {
        "in_token": 19,
        "out_token": 72,
        "take_time": 12353.803396224976,
        "success": true
    },
    "thread34": {
        "in_token": 19,
        "out_token": 81,
        "take_time": 10069.999933242798,
        "success": true
    },
    "thread35": {
        "in_token": 19,
        "out_token": 67,
        "take_time": 9063.575744628906,
        "success": true
    },
    "thread36": {
        "in_token": 19,
        "out_token": 61,
        "take_time": 9014.41216468811,
        "success": true
    },
    "thread37": {
        "in_token": 19,
        "out_token": 79,
        "take_time": 9365.092515945435,
        "success": true
    },
    "thread38": {
        "in_token": 19,
        "out_token": 77,
        "take_time": 9499.191761016846,
        "success": true
    },
    "thread39": {
        "in_token": 19,
        "out_token": 76,
        "take_time": 9665.689945220947,
        "success": true
    },
    "thread40": {
        "in_token": 19,
        "out_token": 74,
        "take_time": 9756.967782974243,
        "success": true
    },
    "thread41": {
        "in_token": 16,
        "out_token": 166,
        "take_time": 12291.850566864014,
        "success": true
    },
    "thread42": {
        "in_token": 16,
        "out_token": 161,
        "take_time": 13558.270931243896,
        "success": true
    },
    "thread43": {
        "in_token": 16,
        "out_token": 147,
        "take_time": 14680.85527420044,
        "success": true
    },
    "thread44": {
        "in_token": 16,
        "out_token": 204,
        "take_time": 18130.186080932617,
        "success": true
    },
    "thread45": {
        "in_token": 16,
        "out_token": 212,
        "take_time": 21020.05910873413,
        "success": true
    },
    "thread46": {
        "in_token": 16,
        "out_token": 258,
        "take_time": 22746.792554855347,
        "success": true
    },
    "thread47": {
        "in_token": 16,
        "out_token": 185,
        "take_time": 23667.104721069336,
        "success": true
    },
    "thread48": {
        "in_token": 16,
        "out_token": 224,
        "take_time": 25404.50143814087,
        "success": true
    },
    "thread49": {
        "in_token": 16,
        "out_token": 219,
        "take_time": 24716.472148895264,
        "success": true
    },
    "thread50": {
        "in_token": 16,
        "out_token": 213,
        "take_time": 25118.675708770752,
        "success": true
    },
    "thread51": {
        "in_token": 19,
        "out_token": 181,
        "take_time": 22797.4374294281,
        "success": true
    },
    "thread52": {
        "in_token": 19,
        "out_token": 175,
        "take_time": 22108.73532295227,
        "success": true
    },
    "thread53": {
        "in_token": 19,
        "out_token": 177,
        "take_time": 20477.705240249634,
        "success": true
    },
    "thread54": {
        "in_token": 19,
        "out_token": 122,
        "take_time": 17931.692600250244,
        "success": true
    },
    "thread55": {
        "in_token": 19,
        "out_token": 121,
        "take_time": 15515.327453613281,
        "success": true
    },
    "thread56": {
        "in_token": 19,
        "out_token": 137,
        "take_time": 14856.63366317749,
        "success": true
    },
    "thread57": {
        "in_token": 19,
        "out_token": 322,
        "take_time": 18458.47201347351,
        "success": true
    },
    "thread58": {
        "in_token": 19,
        "out_token": 194,